TRUNCATE TABLE `categoria`;
INSERT INTO `categoria` (`idCategoria`, `nombre`, `emailDepartamento`) VALUES
(1, 'Fritos', 'koor.mendizorrotza@egibide.org'),
(2, 'Entrantes', 'koor.mendizorrotza@egibide.org'),
(3, 'Pescados', 'koor.mendizorrotza@egibide.org'),
(4, 'Carnes', 'koor.mendizorrotza@egibide.org'),
(5, 'Semifrios', 'koor.mendizorrotza@egibide.org'),
(6, 'Tartas de bizcocho', 'koor.mendizorrotza@egibide.org'),
(7, 'Tartas de hojaldre', 'koor.mendizorrotza@egibide.org'),
(8, 'Tartas variadas', 'koor.mendizorrotza@egibide.org'),
(9, 'Variedades', 'koor.mendizorrotza@egibide.org');

TRUNCATE TABLE `tipoventa`;
INSERT INTO `tipoventa` (`idTipoVenta`, `tipoVenta`) VALUES
(1, 'raciones'),
(2, 'kilos'),
(3, 'unidades');

TRUNCATE TABLE `plato`;
INSERT INTO `plato` (`idPlato`, `nombre`, `precio`, `unidadesMinimas`, `notas`, `imagen`, `idCategoria`, `idTipoVenta`, `estado`) VALUES
(1, 'Croquetas de hongos', 5, 2, 'Ración 12 unidades', 'img/platos/croquetas-de-hongos.jpg', 1, 1, 1),
(2, 'Croquetas de jamón ibérico', 5, 2, 'Ración 12 unidades', 'img/platos/croquetas-de-jamon-iberico.jpg', 1, 1, 1),
(3, 'Tigres (mejillones rellenos)', 5.3, 2, 'Ración 12 unidades', 'img/platos/tigres.jpg', 1, 1, 1),
(4, 'Escalibada de verduras con ventresca de atún', 6.4, 2, '', 'img/platos/escalivada-con-ventresca-de-atun.jpg', 2, 1, 1),
(5, 'Ensalada César con virutas de pavo braseado', 3.5, 2, '', 'img/platos/ensalada-cesar-con-virutas-de-pavo-braseado.jpg', 2, 1, 1),
(6, 'Canelones rellenos de espinacas y hongos', 3.75, 2, '', 'img/platos/canelones-rellenos-de-espinacas-y-hongos.jpg', 2, 1, 1),
(7, 'Pencas de acelga rellenas de jamón y queso', 4.2, 2, '', 'img/platos/pencas-de-acelga-rellenas-de-jamon-y-queso.jpg', 2, 1, 1),
(8, 'Piquillos rellenos de merluza y gambas', 4.8, 2, '', 'img/platos/piquillos-rellenos-de-merluza-y-gambas.jpg', 3, 1, 1),
(9, 'Bacalao a la vizcaína', 8, 2, '', 'img/platos/bacalao-a-la-vizcaina.jpg', 3, 1, 1),
(10, 'Chipirones en su tinta', 6, 2, '', 'img/platos/chipirones-en-su-tinta.jpg', 3, 1, 1),
(11, 'Kokotxas de bacalao con gulas', 10.5, 2, '', 'img/platos/kokotxas-de-bacalao-con-gulas.jpg', 3, 1, 1),
(12, 'Albóndigas de pollo en salsa verde', 4.5, 2, '', 'img/platos/albondigas-de-pollo-en-salsa-verde.jpg', 4, 1, 1),
(13, 'Carrilleras ibéricas al Rioja Alavesa', 6, 2, '', 'img/platos/carrilleras-ibericas-al-rioja-alavesa.jpg', 4, 1, 1),
(14, 'Lengua rellena de Idiazabal y salsa agridulce', 4.7, 2, '', 'img/platos/lengua-rellena-de-idiazabal-y-salsa-agridulce.jpg', 4, 1, 1),
(15, 'Callos de ternera en salsa vizcaína', 4.7, 2, '', 'img/platos/callos-de-ternera-en-salsa-vizcaina.jpg', 4, 1, 1),
(16, 'Delicia de arroz y canela', 12, 1, '', 'img/platos/delicia-de-arroz-y-canela.jpg', 5, 2, 1),
(17, 'Mousse de chocolate', 13, 1, '', 'img/platos/mousse-de-chocolate.jpg', 5, 2, 1),
(18, 'Charlota de crema', 13, 1, '', 'img/platos/charlota-de-crema.JPG', 5, 2, 1),
(19, 'Bavarroi de frutas', 13, 1, '', 'img/platos/bavarroi-de-frutas.jpg', 5, 2, 1),
(20, 'Mousse de queso y frambuesa', 13, 1, '', 'img/platos/mousse-de-queso-y-frambuesa.jpg', 5, 2, 1),
(21, 'Delicia de yogur y chocolate blanco', 13, 1, '', 'img/platos/delicia-de-yogur-y-chocolate-blanco.jpg', 5, 2, 1),
(22, 'Tiramisú', 13, 1, '', 'img/platos/tiramisu.jpg', 5, 2, 1),
(23, 'Brazo de gitano de chocolate', 13, 1, '', 'img/platos/brazo-de-gitano-de-chocolate.jpg', 6, 2, 1),
(24, 'Brazo de gitano de yema', 13, 1, '', 'img/platos/brazo-de-gitano-de-yema.jpg', 6, 2, 1),
(25, 'Brazo de gitano de nata', 13, 1, '', 'img/platos/brazo-de-gitano-de-nata.jpg', 6, 2, 1),
(26, 'Brazo de gitano de crema', 13, 1, '', 'img/platos/brazo-de-gitano-de-crema.jpg', 6, 2, 1),
(27, 'Tarta San Marcos: yema', 13, 1, '', 'img/platos/tarta-san-marcos-yema.jpg', 6, 2, 1),
(28, 'Tarta Moka: mantequilla', 13, 1, '', 'img/platos/tarta moka-mantequilla.jpg', 6, 2, 1),
(29, 'Tarta Mascota: almendra', 13, 1, '', 'img/platos/tarta-mascota-almendra.JPG', 6, 2, 1),
(30, 'Tarta Imperial: merengue', 13, 1, '', 'img/platos/tarta-imperial-merengue.jpg', 6, 2, 1),
(31, 'Tarta Selva Negra: chocolate', 13, 1, '', 'img/platos/tarta-selva-negra-chocolate.jpg', 6, 2, 1),
(32, 'Milhojas de nata', 15, 1, '', 'img/platos/milhojas-de-nata.jpg', 7, 2, 1),
(33, 'Milhojas de crema', 15, 1, '', 'img/platos/milhojas-de-crema.jpg', 7, 2, 1),
(34, 'Tarta Gasteiz', 15, 1, '', 'img/platos/tarta-gasteiz.jpg', 7, 2, 1),
(35, 'Banda de manzana', 12, 1, '', 'img/platos/banda-de-manzana.jpg', 7, 2, 1),
(36, 'Banda de frutas rojas', 12, 1, '', 'img/platos/banda-de-frutas-rojas.jpg', 7, 2, 1),
(37, 'Banda de frutos secos', 12, 1, '', 'img/platos/banda-de-frutos-secos.jpg', 7, 2, 1),
(38, 'Tarta de manzana', 10, 1, '', 'img/platos/tarta-de-manzana.jpg', 8, 2, 1),
(39, 'Quiché de frutas variadas', 10, 1, '', 'img/platos/quiche-de-frutas-variadas.jpg', 8, 2, 1),
(40, 'Tatin de pera o manzana', 10, 1, '', 'img/platos/tatin-de-pera-o-manzana.jpg', 8, 2, 1),
(41, 'Pastel vasco', 10, 1, '', 'img/platos/pastel-vasco.jpg', 8, 2, 1),
(42, 'Tarta de queso cocida', 10, 1, '', 'img/platos/tarta-de-queso-cocida.jpg', 8, 2, 1),
(43, 'Tarta Santiago', 10, 1, '', 'img/platos/tarta-santiago.jpg', 8, 2, 1),
(44, 'Pastas', 15, 1, 'Cajas de 600 gramos', 'img/platos/pastas.jpg', 9, 2, 1),
(45, 'Galletas cookies', 13, 1, '', 'img/platos/galletas-cookies.jpg', 9, 2, 1),
(46, 'Polvorones', 13, 1, '', 'img/platos/polvorones.jpg', 9, 2, 1),
(47, 'Trufas', 25, 1, '', 'img/platos/trufas.JPG', 9, 2, 1),
(48, 'Plum cake de frutas', 11, 1, '8 raciones', 'img/platos/plum-cake-de-frutas.jpg', 9, 2, 1),
(49, 'Plum cake con perlitas de chocolate', 11, 1, '8 raciones', 'img/platos/plum-cake-con-perlitas-de-chocolate.jpg', 9, 2, 1),
(50, 'Bizcocho de nata', 11, 1, '', 'img/platos/bizcocho-de-nata.jpg', 9, 2, 1),
(51, 'Brownie', 11, 1, '', 'img/platos/brownie.jpg', 9, 2, 1),
(52, 'Goxua', 2, 6, '', 'img/platos/goxua.jpg', 9, 3, 1),
(53, 'Arroz con leche', 1.5, 6, '', 'img/platos/arroz-con-leche.jpg', 9, 3, 1),
(54, 'Natillas a la casera', 1.5, 6, '', 'img/platos/natillas-a-la-casera.jpg', 9, 3, 1),
(55, 'Flan de queso', 1.5, 6, '', 'img/platos/flan-de-queso.jpg', 9, 3, 1),
(56, 'Flan de huevo', 1.5, 6, '', 'img/platos/flan-de-huevo.jpg', 9, 3, 1),
(57, 'Canutillos rellenos', 10, 1, '', 'img/platos/canutillos-rellenos.jpg', 9, 2, 1),
(58, 'Crema frita', 10, 1, '', 'img/platos/crema-frita.jpg', 9, 2, 1),
(59, 'Torrijas', 10, 1, '', 'img/platos/torrijas.jpg', 9, 2, 1),
(60, 'Petit choux de nata y chocolate', 10, 1, '', 'img/platos/petit-choux-de-nata-y-chocolate.jpg', 9, 2, 1);