INSERT INTO `Categoria` (`idCategoria`, `nombre`, `emailDepartamento`, `preferencia`) VALUES
(1, 'Fritos', 'mygoldxp@msn.com', '1'),
(2, 'Entrantes', 'mygoldxp@msn.com', '2'),
(3, 'Pescados', 'mygoldxp@msn.com', '3'),
(4, 'Carnes', 'mygoldxp@msn.com', '4'),
(5, 'Semifrios', 'mygoldxp@msn.com', '5'),
(6, 'Tartas de bizcocho', 'mygoldxp@msn.com', '6'),
(7, 'Tartas de hojaldre', 'mygoldxp@msn.com', '7'),
(8, 'Tartas variadas', 'mygoldxp@msn.com', '8'),
(9, 'Variedades', 'mygoldxp@msn.com','9');

INSERT INTO `TipoVenta` (`idTipoVenta`, `tipoVenta`) VALUES
(1, 'raciones'),
(2, 'kilos'),
(3, 'unidades');

INSERT INTO `Plato` (`nombre`, `precio`, `unidadesMinimas`, `notas`, `imagen`, `idCategoria`, `idTipoVenta`, `estado`) VALUES
('Croquetas de hongos', 5, 2, 'Ración 12 unidades', 'img/plato/croquetas-de-hongos.jpg', 1, 1, 1),
('Croquetas de jamón ibérico', 5, 2, 'Ración 12 unidades', 'img/plato/croquetas-de-jamon-iberico.jpg', 1, 1, 1),
('Tigres (mejillones rellenos)', 5.3, 2, 'Ración 12 unidades', 'img/plato/tigres.jpg', 1, 1, 1),
('Escalibada de verduras con ventresca de atún', 6.4, 2, '', 'img/plato/escalivada-con-ventresca-de-atun.jpg', 2, 1, 1),
('Ensalada César con virutas de pavo braseado', 3.5, 2, '', 'img/plato/ensalada-cesar-con-virutas-de-pavo-braseado.jpg', 2, 1, 1),
('Canelones rellenos de espinacas y hongos', 3.75, 2, '', 'img/plato/canelones-rellenos-de-espinacas-y-hongos.jpg', 2, 1, 1),
('Pencas de acelga rellenas de jamón y queso', 4.2, 2, '', 'img/plato/pencas-de-acelga-rellenas-de-jamon-y-queso.jpg', 2, 1, 1),
('Piquillos rellenos de merluza y gambas', 4.8, 2, '', 'img/plato/piquillos-rellenos-de-merluza-y-gambas.jpg', 3, 1, 1),
('Bacalao a la vizcaína', 8, 2, '', 'img/plato/bacalao-a-la-vizcaina.jpg', 3, 1, 1),
('Chipirones en su tinta', 6, 2, '', 'img/plato/chipirones-en-su-tinta.jpg', 3, 1, 1),
('Kokotxas de bacalao con gulas', 10.5, 2, '', 'img/plato/kokotxas-de-bacalao-con-gulas.jpg', 3, 1, 1),
('Albóndigas de pollo en salsa verde', 4.5, 2, '', 'img/plato/albondigas-de-pollo-en-salsa-verde.jpg', 4, 1, 1),
('Carrilleras ibéricas al Rioja Alavesa', 6, 2, '', 'img/plato/carrilleras-ibericas-al-rioja-alavesa.jpg', 4, 1, 1),
('Lengua rellena de Idiazabal y salsa agridulce', 4.7, 2, '', 'img/plato/lengua-rellena-de-idiazabal-y-salsa-agridulce.jpg', 4, 1, 1),
('Callos de ternera en salsa vizcaína', 4.7, 2, '', 'img/plato/callos-de-ternera-en-salsa-vizcaina.jpg', 4, 1, 1),
('Delicia de arroz y canela', 12, 1, '', 'img/plato/delicia-de-arroz-y-canela.jpg', 5, 2, 1),
('Mousse de chocolate', 13, 1, '', 'img/plato/mousse-de-chocolate.jpg', 5, 2, 1),
('Charlota de crema', 13, 1, '', 'img/plato/charlota-de-crema.JPG', 5, 2, 1),
('Bavarroi de frutas', 13, 1, '', 'img/plato/bavarroi-de-frutas.jpg', 5, 2, 1),
('Mousse de queso y frambuesa', 13, 1, '', 'img/plato/mousse-de-queso-y-frambuesa.jpg', 5, 2, 1),
('Delicia de yogur y chocolate blanco', 13, 1, '', 'img/plato/delicia-de-yogur-y-chocolate-blanco.jpg', 5, 2, 1),
('Tiramisú', 13, 1, '', 'img/plato/tiramisu.jpg', 5, 2, 1),
('Brazo de gitano de chocolate', 13, 1, '', 'img/plato/brazo-de-gitano-de-chocolate.jpg', 6, 2, 1),
('Brazo de gitano de yema', 13, 1, '', 'img/plato/brazo-de-gitano-de-yema.jpg', 6, 2, 1),
('Brazo de gitano de nata', 13, 1, '', 'img/plato/brazo-de-gitano-de-nata.jpg', 6, 2, 1),
('Brazo de gitano de crema', 13, 1, '', 'img/plato/brazo-de-gitano-de-crema.jpg', 6, 2, 1),
('Tarta San Marcos: yema', 13, 1, '', 'img/plato/tarta-san-marcos-yema.jpg', 6, 2, 1),
('Tarta Moka: mantequilla', 13, 1, '', 'img/plato/tarta moka-mantequilla.jpg', 6, 2, 1),
('Tarta Mascota: almendra', 13, 1, '', 'img/plato/tarta-mascota-almendra.JPG', 6, 2, 1),
('Tarta Imperial: merengue', 13, 1, '', 'img/plato/tarta-imperial-merengue.jpg', 6, 2, 1),
('Tarta Selva Negra: chocolate', 13, 1, '', 'img/plato/tarta-selva-negra-chocolate.jpg', 6, 2, 1),
('Milhojas de nata', 15, 1, '', 'img/plato/milhojas-de-nata.jpg', 7, 2, 1),
('Milhojas de crema', 15, 1, '', 'img/plato/milhojas-de-crema.jpg', 7, 2, 1),
('Tarta Gasteiz', 15, 1, '', 'img/plato/tarta-gasteiz.jpg', 7, 2, 1),
('Banda de manzana', 12, 1, '', 'img/plato/banda-de-manzana.jpg', 7, 2, 1),
('Banda de frutas rojas', 12, 1, '', 'img/plato/banda-de-frutas-rojas.jpg', 7, 2, 1),
('Banda de frutos secos', 12, 1, '', 'img/plato/banda-de-frutos-secos.jpg', 7, 2, 1),
('Tarta de manzana', 10, 1, '', 'img/plato/tarta-de-manzana.jpg', 8, 2, 1),
('Quiché de frutas variadas', 10, 1, '', 'img/plato/quiche-de-frutas-variadas.jpg', 8, 2, 1),
('Tatin de pera o manzana', 10, 1, '', 'img/plato/tatin-de-pera-o-manzana.jpg', 8, 2, 1),
('Pastel vasco', 10, 1, '', 'img/plato/pastel-vasco.jpg', 8, 2, 1),
('Tarta de queso cocida', 10, 1, '', 'img/plato/tarta-de-queso-cocida.jpg', 8, 2, 1),
('Tarta Santiago', 10, 1, '', 'img/plato/tarta-santiago.jpg', 8, 2, 1),
('Pastas', 15, 1, 'Cajas de 600 gramos', 'img/plato/pastas.jpg', 9, 2, 1),
('Galletas cookies', 13, 1, '', 'img/plato/galletas-cookies.jpg', 9, 2, 1),
('Polvorones', 13, 1, '', 'img/plato/polvorones.jpg', 9, 2, 1),
('Trufas', 25, 1, '', 'img/plato/trufas.JPG', 9, 2, 1),
('Plum cake de frutas', 11, 1, '8 raciones', 'img/plato/plum-cake-de-frutas.jpg', 9, 2, 1),
('Plum cake con perlitas de chocolate', 11, 1, '8 raciones', 'img/plato/plum-cake-con-perlitas-de-chocolate.jpg', 9, 2, 1),
('Bizcocho de nata', 11, 1, '', 'img/plato/bizcocho-de-nata.jpg', 9, 2, 1),
('Brownie', 11, 1, '', 'img/plato/brownie.jpg', 9, 2, 1),
('Goxua', 2, 6, '', 'img/plato/goxua.jpg', 9, 3, 1),
('Arroz con leche', 1.5, 6, '', 'img/plato/arroz-con-leche.jpg', 9, 3, 1),
('Natillas a la casera', 1.5, 6, '', 'img/plato/natillas-a-la-casera.jpg', 9, 3, 1),
('Flan de queso', 1.5, 6, '', 'img/plato/flan-de-queso.jpg', 9, 3, 1),
('Flan de huevo', 1.5, 6, '', 'img/plato/flan-de-huevo.jpg', 9, 3, 1),
('Canutillos rellenos', 10, 1, '', 'img/plato/canutillos-rellenos.jpg', 9, 2, 1),
('Crema frita', 10, 1, '', 'img/plato/crema-frita.jpg', 9, 2, 1),
('Torrijas', 10, 1, '', 'img/plato/torrijas.jpg', 9, 2, 1),
('Petit choux de nata y chocolate', 10, 1, '', 'img/plato/petit-choux-de-nata-y-chocolate.jpg', 9, 2, 1);